{"xgb": 0.3333333333333333, "lgb": 0.3333333333333333, "cb": 0.3333333333333333}